"EC","Tctl","CcdMax"
"83","84.125","82.25000762939453"
"83","83.5","74.125"
"83","82.875","77.5"
"82","82.375","73.5"
"81","81.625","82.25000762939453"
"81","81.125","76.5"
"80","80.75","78"
"80","80.125","73.625"
"79","79.5","74.625"
"79","79.125","75.5"
"79","79.625","77.125"
"79","79.875","78"
"79","79.375","72.5"
"79","79.375","76.5"
"79","79","82.50000762939453"
"79","79.125","75.625"
"80","80.75","76.625"
"81","81","84.50000762939453"
"82","82.375","78"
"81","82.5","76.5"
"83","83.375","75.625"
"82","82.5","77.5"
"82","81.625","73.625"
"81","80.875","73.125"
"80","80.5","73.125"
"82","82.25","93.37500762939453"
"82","82.125","77.5"
"82","81.875","80"
"81","81.125","74.625"
"82","84.25","81.50000762939453"
"87","87.125","80.25"
"86","86.375","75.5"
"86","85.25","75.625"
"84","84.25","72.625"
"83","83.25","75.5"
"83","83.625","84.87500762939453"
"85","87.75","97.37500762939453"
"88","88.75","82.00000762939453"
"88","87.875","71.25"
"87","86.625","77.125"
"85","85.375","77.625"
"85","84.5","74.125"
"83","83.375","71.25"
"82","82.5","70.75"
"82","81.625","71.625"
"81","80.875","72"
"80","80.25","75.625"
"80","80.375","72.125"
"80","80.375","73.125"
"80","80.125","71"
"79","79.5","70.75"
"79","79.625","85.00000762939453"
"79","79.5","70.25"
"79","79.375","73.625"
"78","78.87500762939453","72.625"
"78","78.37500762939453","70.25"
"78","77.87500762939453","76.625"
"77","78.00000762939453","84.50000762939453"
"78","78.37500762939453","70.25"
"78","77.87500762939453","69.875"
"77","78.00000762939453","73.625"
"79","79","73.625"
"78","78.50000762939453","69.875"
"78","77.87500762939453","69.875"
"77","77.50000762939453","70.25"
"77","77.00000762939453","69.875"
"76","76.87500762939453","78.5"
"77","78.25000762939453","74.625"
"78","78.62500762939453","77.75"
"79","79.375","77"
"79","79","73.625"
"78","78.62500762939453","73"
"78","78.25000762939453","70.25"
"78","78.00000762939453","75.625"
"78","77.87500762939453","72.625"
"77","77.50000762939453","77.5"
"83","84.25","86.50000762939453"
"85","88.75","95.37500762939453"
"90","90","91.87500762939453"
"89","89.125","85.37500762939453"
"88","88","78.625"
"87","86.875","76"
"86","87.5","83.25000762939453"
"89","89.375","85.12500762939453"
"89","88.75","77.5"
"88","88.5","86.00000762939453"
"89","89","77"
"88","87.875","81.50000762939453"
"87","86.75","77.125"
"86","86.125","77.625"
"85","85.375","82.00000762939453"
"85","84.625","75.625"
"84","84","78.5"
"84","85.625","84.00000762939453"
"85","85.25","78"
"84","84.75","79.125"
"84","84.25","73.125"
"83","83.375","79.5"
"83","82.5","73.125"
"82","82","77.5"
"81","81.375","74.125"
"80","80.875","77.125"
"80","80.75","73.625"
"80","80.375","74.625"
"80","80.125","76.125"
"80","79.625","72.625"
"79","79.25","75.625"
"79","79.125","76.625"
"79","78.75000762939453","71.125"
"78","78.37500762939453","71.125"
"78","78.12500762939453","75.5"
"78","78.00000762939453","75.125"
"78","77.87500762939453","71.625"
"77","77.50000762939453","70.125"
"77","77.12500762939453","70.25"
"77","76.87500762939453","71"
"76","76.50000762939453","70.5"
"76","76.75000762939453","70.25"
"76","76.50000762939453","70.625"
"76","76.12500762939453","71.125"
"76","75.87500762939453","71.125"
"75","76.00000762939453","73.625"
"75","75.62500762939453","69.625"
"75","75.87500762939453","75.5"
"76","77.25000762939453","72.125"
"77","77.00000762939453","80.50000762939453"
"77","77.00000762939453","78"
"77","77.12500762939453","78.625"
"77","77.37500762939453","77.5"
"77","77.50000762939453","74.625"
"77","77.50000762939453","75.625"
"77","77.62500762939453","72.125"
"77","77.37500762939453","71"
"77","77.25000762939453","74.625"
"77","77.00000762939453","71.125"
"76","76.87500762939453","71.125"
"76","76.75000762939453","76.5"
"76","76.62500762939453","75.125"
"76","76.50000762939453","73.625"
"76","76.37500762939453","71.625"
"76","76.12500762939453","70.5"
"75","75.75000762939453","69.375"
"75","75.50000762939453","70.5"
"75","75.25000762939453","69.375"
"75","75.00000762939453","69.5"
"75","75.00000762939453","69.875"
"75","75.37500762939453","76.5"
"75","75.62500762939453","74.625"
"75","75.75000762939453","69.625"
"75","75.87500762939453","71.625"
"75","75.87500762939453","72"
"75","75.75000762939453","70.5"
"76","77.00000762939453","81.25000762939453"
"80","82.5","90.87500762939453"
"82","82","71.125"
"81","81.125","69.5"
"80","80.25","69.375"
"79","79.5","72"
"79","78.75000762939453","70.625"
"78","78.37500762939453","75.5"
"78","77.87500762939453","69.625"
"77","77.25000762939453","69.5"
"76","76.87500762939453","69.5"
"76","76.37500762939453","69.5"
"76","76.00000762939453","69.125"
"75","75.75000762939453","69.125"
"75","75.50000762939453","70.125"
"75","75.25000762939453","69.375"
"75","75.00000762939453","68.875"
"74","74.87500762939453","68.875"
"74","74.62500762939453","69.125"
"74","74.62500762939453","72.125"
"74","74.75000762939453","73.5"
"74","74.75000762939453","71.5"
"74","74.87500762939453","74.125"
"74","75.50000762939453","76"
"75","76.25000762939453","73"
"76","76.25000762939453","69.5"
"76","77.12500762939453","72.5"
"77","77.00000762939453","71.125"
